2026-09,1ZAsMfL5lc8MD3LEhTw_dcSnfJ40jtg3y
2026-09,1wjSElsM-6KZE4GCa7pKH1XYklC5H44bs
2026-09,1wedbvmAybHfyGxI8CJQ5Ub3B9B7SCMf3
2026-09,1Vzk6Hw2aFJBisFPBDnHry2Y9Zq0zl65d
2026-09,1vP0onyaWq1sEoco3PyU-XdxPu1CtyZ3o
2026-09,1Uk-7D4secU4tRglcg-xxjN3QYRXQvzyi
2026-09,1th9VRR-DCwkgAIRA2r_Yl2dYER_XkdG8
2026-09,1rVR65qI0cES4TJZTKMOGxuxz5DsdTHIs
2026-09,1RAwxvP4HEI-kkFfcmgPPVfGy6IQiUXkQ
2026-09,1R-a_tjiAo6g_KNQVjiUVl4r8XyVGFHEu
2026-09,1QMU4sy0jkCVmNqqqYoR5bkDSKaKIHhKJ
2026-09,1PxTeDk43eLnqfbsyv_U3hjvdcCvV6JT4
2026-09,1PUOFRFJ-8cM9eRV5cly09f_9Nt76Xsg-
2026-09,1p62BGtuxzD8dZmqPhX2pntIsUQ0CF4zI
2026-09,1oxhMUNQ3uGFlfW0cV3hZfJxoRNiXv5Yk
2026-09,1OWI39YSv9Xnr3_favAd-Aid7Jm1E_NSO
2026-09,1NELJERi2hMKEexGsU-KQS8KtnLoQzIKG
2026-09,1LYOcnoB8Y70S5CHnjepI1g7bTWX3j96_
2026-09,1lxNk6wkzKBp-UDn5t-Y6Cs4-P6CDCTTx
2026-09,1Kx4EusZpmfYlDCetIPiXoR2p2fYbE-qx
2026-09,1jHlQlqO-TJII3KXng2lZSDD0x2X0VT64
2026-09,1H-lzv3_PJUD2F5E4dGEaQnCSpuiD2abs
2026-09,1Ggq1o__tAcCVp29mQ75X_5Ht0PuroVAM
2026-09,1Egr1B8JlhIb8_i5Ft3_iKM7IelqDLNUf
2026-09,1eFFKWUIpcYLhLqX451_nP_YOEVRPM_Iy
2026-09,1Ef0pARYPrVc06AORGwslDpbrxY4_B8WB
2026-09,1eewddjshmBiOAkkO89w9pg1Rp4hNRRny
2026-09,1dfym87LaosnVLk2371ryZIZKSnl-p2or
2026-09,1BAuFD5JwuFQyVtVDvVRAr2QZrarqwWFT
2026-09,1AkT_KoJXVCO78PoAxP4CL4h-RkueHxbk
2026-09,1a_anNhaZ87JMbuMHUh4uLFp7xL5_Jblm
2026-09,17qIL7YdQcgA9ExB4v7LCpBuVrgUksA4w
2026-09,16pdrHaM4YHb-DpiIj9vEbuCXEh05SHJM
2026-09,16JN6RgOYbGim7pG1iu5lDd_iiE-Bqcdq
2026-09,16g94-ZqlpZuCDWgCoEa2jz7dHY-2gHZv
2026-09,13j-IVRYt5ja_aNIdatjIifa23WrwEVYF
2026-09,13cQ0rx7IeD1p4BctB59vWe1fYWf5_5h9
2026-09,10orWqEPauZrLJEZHaRFXNFiXoEWTN2xs
2026-09,1-h5u-bu8vUbMAKUYAF38Nl1SeZBOcWy3
2026-08,1zJKMfZxQkeTT7NYXm3q2unVq2Swf_yEW
2026-08,1wrAlOTpzJ-s9aN8EInmwkXcNlLMiqL7-
2026-08,1WKnf_KP9B1MmfLeP9qSZa5XJj29y3tDQ
2026-08,1vWcyET1XYnD46APGomxzTkE37oa0-_33
2026-08,1Tr9RnuR_y_r81tdIHTf2EaTafz6XvezJ
2026-08,1rBODa3xr2dZlehVomEDCeZp8qSrB-tLk
2026-08,1r3D7zPsnJUMoPhr_uw-imDbs3hhjmfVb
2026-08,1QdD4CV69I3jT_9mQW0yZZ3SdJ0WrpAct
2026-08,1noleoZGwMhcuos3Xhkq3Qeoz9CLpXF57
2026-08,1lJNkNBfYzxrdqP_O_P0KgGSSL9L_am_v
2026-08,1LhBPxH5JffRXBcevUPR8gjHiduAk6UQj
2026-08,1KP4v4tDSnzmSIjRztntrOg0IHyQg04cM
2026-08,1K5GJIQH6IMaQMqUrR795zJc_OM625xT6
2026-08,1jxY1k0l1sIpQir7mkAUn0y1vyefurJAy
2026-08,1IhZkHfzYaGCD7Ycndzwx3FwM23E2O_4K
2026-08,1gQrSyUVKrXCDhHRbENNAypiELJb_F3Ea
2026-08,1FsHzx8Gw7zDwiSYSCnXaVH3tHum7XIQ9
2026-08,1ELeLqB_7Ru-5BZYU_Z26MKC3RcmklUi5
2026-08,1efiuLHwOGO_7Kjj3xWhNwPEzZMGFBXRu
2026-08,1dO6dGMgcvJjETrr0eqVphcpTDy0gkoH-
2026-08,1CE_5rPNP2HLPPzP6SpBTPHk495Dm5A_I
2026-08,1BtgcZNf8GhO8Sf5Z3IiuYGtOVxEn_EKQ
2026-08,1Brc6i0b_CPB7wOJo-GJyTpw-z7k-LOax
2026-08,1arxxsR2_mpXtroZJEEu7cU5BFFTZVbTm
2026-08,1AQm4GFdjhjqDfXuv1qcCeda4u9FSCpHn
2026-08,1aNOgO-Zrydemz6Ch0CrwQQ4mtHD-BqNU
2026-08,1AGAYCcDEec64ZxEY-ypXKE01gbj5ymtd
2026-08,1aC4dqrQyQqlXmyWfc8gFVFTZSpLcFLA1
2026-08,17v4nt_c9Ql8JFf010y89fOQ5K2a-iDI5
2026-08,17PxtPSYz3m1bTm7NmahDAt9PwKyz69eF
2026-08,16zd2-Hfkxeh1orDRU7D5QjpD3HIuj8gJ
2026-08,158RmKZ6zzAdQ-P0t04IKqO_p1YQ14RMQ
2026-08,13i8Ujt4ATAS4Drac9PN6oWp3LREq4prL
2026-08,1-jMZyd46BlSAcbfN-ZI1KHuhXPI44zW1
2026-08,1-ANfSsuM1hZ0tR2m2oj8USNF9c-pKgkk
2026-08,1-Ahaf__8t0DseTXX6mmmLx8j2wU77w_w
2026-05,1zv3tX0pnQk1Mkd1H6AIju554scKG-Ns5
2026-05,1zQ_fV1RZqxU9K-jtSw64XFkUEyUScLky
2026-05,1yHNHdKaelhuD2qUosD8GM7H0NdLb7Vmi
2026-05,1wsqOv7eDD6QtcHNEbjGDsvy5JU0J4iBF
2026-05,1U_wdJz7gt9fx55ke4Zz7hMDD_AZnphXJ
2026-05,1TxlHKBq4j2b2zkDZhCsnsichknKx0ISb
2026-05,1syYRxYdZUbFs1QEs4ojnHNkLlTKV2FZ8
2026-05,1SWINu5bzWcyjQHQhOm6OrLkDWSHRrLVS
2026-05,1QZY61jkw-p1LPE5-ZrJaC4qflhjiccs7
2026-05,1paAaVXM4rG0XK1S5Rd_cWXD0G_dlETFJ
2026-05,1oz6WTRT4AcAJmwLCdNwKFyCwnQLRZxYV
2026-05,1MCAIEVwjQe5Gvu8wZrWBKq3-02i3wYoy
2026-05,1Lxoq8-C56rvindjb_U-_WGPclU3PXTqT
2026-05,1lu6kE-taRvDBoJbx8NK8gxFVtVCCz1Cn
2026-05,1L55i621qRdwfhCvnXSrZQ68H7RFbM0Sg
2026-05,1koiPfDz9OsGcYc0E7JmOFO3ll31tmvPu
2026-05,1KlJDW3jdN2WukYpfmpMV8L_pVGVtoset
2026-05,1KhRs72rBSOMjAQftnradAHcvbqWmgtNS
2026-05,1jQJZTbnNjke_YkiwaM185at16ImGC86z
2026-05,1JOsqz0du-UIJA3FXDW_8Pn-_QlpuABgs
2026-05,1JmUY02fLt5VgYo_oTzMjrEOhIEed7GI8
2026-05,1IORcib5Lgz0mefhXH4IROWT3tB2Yvuqr
2026-05,1iCqLrGUJ0t2eMBiPiXu5xXca9i1OVPya
2026-05,1HPbAbOK9zgQfgXWSuoni-aVX2ruA19u3
2026-05,1gSzwwDBO2jcivfxMGmqptRR4paxGNEpE
2026-05,1gi7R9g1XX929L0De8d9UtPui-N7Ok8ju
2026-05,1dqwCMwgUC537bPFf4TYrZ2FYQOYHWjRP
2026-05,1CuwuqWCJTZ68UKIMM8tv0wPAqJKcdHzk
2026-05,1CSI-BWhFJ0ZyKFhRXerjSyFBbjqGElaP
2026-05,1c0b3_thqnAra7w-3Hp20Zgl1hxUY9B9A
2026-05,1ajtYJ9GDpJJn8nx-aqzEC7hRZjVq2ETA
2026-05,18Usli84XxQxrtUtI1A7iRXArgxpDRL8K
2026-05,17HlmF-ZY5uXU4XKeLoH6ujaqsX5xFK9P
2026-05,17eTPmqG0Wfoc0ycO3bSLB5e45H5nVLp7
2026-05,16sETjdqwRfJofbSu3h6UWthihP9FCvdM
2026-05,14jZivcqnRsaPN0qM7Bfd49xBxcBfiO5e